insert into assignment.designation (desig_code, desig_desc) VALUES ('00001','Manager');
insert into assignment.designation (desig_code, desig_desc) VALUES ('00002','Executive');
insert into assignment.designation (desig_code, desig_desc) VALUES ('00003','Officer');
insert into assignment.designation (desig_code, desig_desc) VALUES ('00004','Clerk');
insert into assignment.designation (desig_code, desig_desc) VALUES ('00005','Helper');

insert into assignment.department (dept_code, dept_name) VALUES ('00001','Personnel');
insert into assignment.department (dept_code, dept_name) VALUES ('00002','Production');
insert into assignment.department (dept_code, dept_name) VALUES ('00003','Purchase');
insert into assignment.department (dept_code, dept_name) VALUES ('00004','Finance');
insert into assignment.department (dept_code, dept_name) VALUES ('00005','Research');

insert into assignment.emp (emp_code, emp_name, dept_code, desig_code, sex, city, state, pin, basic, in_dept) values ('00001','Sarvajit','00001','00003','M','Motihari','Bihar','845401',4000,'2019-01-01');
insert into assignment.emp (emp_code, emp_name, dept_code, desig_code, sex, city, state, pin, basic, in_dept) values ('00002','Shuvayan','00002','00004','M','Kolkata','WB','700010',4200,'2018-06-01');
insert into assignment.emp (emp_code, emp_name, dept_code, desig_code, sex, city, state, pin, basic, in_dept) values ('00003','Saswat','00004','00005','M','Kolkata','WB','700013',4100,'2019-07-01');
insert into assignment.emp (emp_code, emp_name, dept_code, desig_code, sex, city, state, pin, basic, in_dept) values ('00004','Samarpan','00001','00001','M','Asansol','WB','700010',3500,'2019-08-01');
insert into assignment.emp (emp_code, emp_name, dept_code, desig_code, sex, city, state, pin, basic, in_dept) values ('00005','Srestha','00001','00002','F','Kolkata','WB','700027',3600,'2019-09-01');
insert into assignment.emp (emp_code, emp_name, dept_code, desig_code, sex, city, state, pin, basic, in_dept) values ('00006','Abhisek','00002','00002','M','Kolkata','WB','700030',3700,'2019-10-01');
insert into assignment.emp (emp_code, emp_name, dept_code, desig_code, sex, city, state, pin, basic, in_dept) values ('00007','Bisakh','00003','00003','M','Asansol','WB','700008',3800,'2019-11-01');
insert into assignment.emp (emp_code, emp_name, dept_code, desig_code, sex, city, state, pin, basic, in_dept) values ('00008','Shubham','00004','00003','M','Durgapur','WB','700010',3900,'2019-12-01');
insert into assignment.emp (emp_code, emp_name, dept_code, desig_code, sex, city, state, pin, basic, in_dept) values ('00009','Pratik','00005','00004','M','Kolkata','WB','700031',4000,'2020-01-01');
insert into assignment.emp (emp_code, emp_name, dept_code, desig_code, sex, city, state, pin, basic, in_dept) values ('00010','Arka','00004','00004','M','Durgapur','WB','700023',4300,'2020-02-01');
insert into assignment.emp (emp_code, emp_name, dept_code, desig_code, sex, city, state, pin, basic, in_dept) values ('00011','Arko','00004','00002','M','Kolkata','WB','700017',4400,'2020-03-01');
insert into assignment.emp (emp_code, emp_name, dept_code, desig_code, sex, city, state, pin, basic, in_dept) values ('00012','Titir','00002','00003','F','Kolkata','WB','700012',4500,'2020-04-01');
insert into assignment.emp (emp_code, emp_name, dept_code, desig_code, sex, city, state, pin, basic, in_dept) values ('00013','Pritthijit','00003','00001','M','Kolkata','WB','700011',4600,'2020-04-01');
